GDPchange,FBgdp,GDPcapita,CABgdp,DEBTgdp,GOVeff,inflation,openness,rating
9.7,-3.3,3376,-10.8,50.6,-0.38,3,82.9,4
12.6,-5.1,4081,-15.5,51.8,-0.35,2.2,85.4,4
5.7,-7.4,3796,-15.3,55.3,-0.24,3.7,82.3,4
7.9,-4.2,3731,-11.3,53.9,-0.27,3.3,84.8,4
5.6,-3.5,4044,-12.2,55.2,-0.2,1.7,90,4
26.6,5.3,4324,9,27.5,-1.12,15.3,105.3,4
29,10.2,5307,12.6,21,-1.15,11.4,107.5,5
20.3,0.5,3410,6.3,138,-0.01,3.7,40.6,1
19.1,2.6,3994,2.1,124.9,-0.02,6.1,44.1,1
18.8,1.8,4736,3,70.2,-0.09,12.3,44.3,2
23,1.8,5491,3.6,63.8,-0.03,9.8,44,2
24.1,1.1,6667,2.8,55.1,-0.03,8.5,45,2
27.1,1.4,8271,2.2,44.4,-0.12,7.2,45.1,2
10.9,-0.6,7707,3.6,47.7,-0.35,7.7,37.4,2
25.9,0.2,9162,0.4,44.4,-0.21,10.9,40.1,2
27.7,-1.7,10994,-0.4,39.9,-0.16,9.5,41.4,2
18.4,-1.3,2080,-1.8,18.7,-0.21,5.2,62.6,6
18.6,-1.5,2995,-6.4,16.1,-0.35,6.6,58.3,6
13.3,-0.7,3787,-11.9,16.4,-0.16,5.2,55.7,6
-12,-7.5,2803,-15.8,40.4,0,6.5,58.5,6
10.1,-5,2995,-14.8,39.9,-0.15,9.5,66.1,6
9.2,-2.8,3271,-11,42.2,-0.09,4.7,71.1,6
5.8,0.9,26964,-5.3,14.1,1.81,2.4,37.5,17
7.6,1.2,32533,-6.1,12.3,2.04,2.5,37.9,17
7.9,1.5,35969,-5.7,11.6,1.77,2.8,39.4,17
7.8,2,37666,-5.3,10.3,1.76,3.3,41.6,17
9,1.6,44942,-6.2,9.6,1.82,2.9,40.6,17
9.2,1.4,48364,-4.4,9.8,1.78,3.7,45.6,17
1.5,-3.4,44831,-4.3,14,1.75,2.1,40.2,17
8.4,-5.5,56416,-2.9,19.1,1.81,2.8,40.7,17
6.5,-4.7,66768,-2.2,22.1,1.74,3,42,17
2,-1.5,31330,1.7,65.3,2.02,1.2,93,17
4.3,-4.4,35710,2.2,64.7,1.91,2.9,99.2,17
4.5,-1.7,37102,2.2,64.2,1.72,1.6,103.7,17
5.6,-1.5,39336,2.8,62.3,1.82,1.4,107.7,17
5.8,-0.9,45246,3.5,60.2,1.86,3.6,112.1,17
3.2,-0.9,49875,4.9,63.8,1.77,1.3,112.8,17
-2.3,-4.1,45994,2.7,69.2,1.72,1,95.6,17
3.7,-4.5,45293,3.4,72,1.88,2.3,104,17
5,-2.5,49682,1.4,72.5,1.66,3.2,111.3,17
49.7,0.5,2473,17.7,10.2,-0.67,11.4,105.3,7
51.3,-0.2,3851,27.3,8.6,-0.76,19.5,96.6,7
41.5,0.2,5574,33.7,6.9,-0.75,15.4,89.2,7
-11.3,-0.7,4950,23,11.8,-0.68,0.7,74.7,7
19.3,-0.9,5843,28.4,11.1,-0.83,7.9,75,7
22.6,0.6,7190,26,9.9,-0.79,5.6,80.5,7
-0.1,-2.6,22417,-6.8,27.9,1.19,2.1,81.4,11
2.1,-2.3,22522,-4.3,29.6,1.14,1.9,87.1,11
8.6,-2.2,24157,-9.1,29,1.17,1.8,93.2,11
3.4,-1.8,24585,-17.6,30,1.14,2.2,100.1,11
4.4,-2.2,25286,-15.8,31.7,1.1,2.9,100.7,11
-0.9,-1.6,24691,-14.8,33.5,1.15,4.5,100.1,11
-6.4,-4.5,22832,-10.5,43,1,1.6,88.8,11
0.7,-5.2,22657,-10.5,47.9,1.07,1.5,92.4,11
0.2,-2.1,22442,-14,48.9,0.96,3.2,101.9,11
14.8,-2,12747,2.1,36.9,0.46,1.7,145.5,10
15.3,0.3,13637,4.2,34.4,0.59,2.2,164.7,10
19.8,3.5,15140,11,28.7,0.4,2.6,176,10
17.8,2.7,16501,13.8,23.6,0.4,2,171.7,11
16.5,1.9,17770,15.7,19.2,0.42,3.3,162.1,12
19.9,4.9,20069,10.2,14.6,0.41,3.5,169.3,12
-12.9,-6.6,16367,2.9,25.4,0.6,2.8,140.3,12
11.4,-7,17491,3.6,35.5,0.59,2,144.1,11
20.4,-1.7,21645,12.6,36.5,0.65,-0.4,142.4,10
12.9,-3.2,675,3.2,39.3,-0.84,8.7,43.4,5
14.7,-4.2,744,-2,39.1,-0.85,10.2,54.5,5
4.2,-2.2,12061,-5.5,48.5,1.3,0.3,89.1,9
7.7,-2.1,12943,-10.3,47.6,1.09,4.3,90.7,9
11.8,-2.3,14421,-10.6,49.5,1.26,7.3,95.4,9
7.4,-2.8,15485,-8.4,50.7,1.48,5.7,97,9
6.8,-3.3,16482,-5.6,51.7,1.34,4.8,95,9
-3.1,-5.3,15969,-11.2,55.7,1.59,7.2,104.1,9
1.2,-7.9,16105,-7.1,66,1.5,4.3,88.7,8
-3.4,-9,15550,-6.1,75.1,1.41,6.6,96.6,8
1.7,-4.7,15763,-11.5,80.1,1.46,9.5,101.5,8
22.6,0.4,4736,-6.7,18.3,-1.13,12,128.2,4
33.6,-2,6376,-8.2,21.7,-1.13,13.4,129.6,4
5.9,-0.7,5176,-12.5,34.9,-1.15,9.9,112.3,4
19.7,-1.8,5819,-15,42,-1.13,10,122.2,4
80.7,2.8,6306,-8.4,43.4,-1.09,108.7,163.3,2
2.8,-0.2,30098,3.4,98.4,1.96,1.7,142.5,16
5.5,-0.2,34753,3.2,94,1.92,2.3,147,16
4.2,-2.6,36046,2,92,1.74,2.9,153.4,16
5.1,0.3,37954,1.9,88,1.71,1.6,157.7,16
5.3,-0.1,43318,1.9,84,1.61,3.1,161.2,16
3.1,-1.1,47561,-1.3,89.2,1.38,2.6,169,16
-1.6,-5.6,43972,-1.4,95.7,1.59,0.3,142.9,16
4.5,-3.9,43360,1.9,95.6,1.59,3.1,157.6,16
3.9,-3.9,46721,-1.1,97.8,1.67,3.5,167.4,14
6,-8,3611,-18.7,77.3,-0.19,2.3,119.4,5
6.9,-9.5,3738,-14.7,90.2,-0.36,3.1,109.2,3
5.2,-0.6,4099,-4.1,84,-0.5,4.1,121.6,1
6.8,0.4,4233,-10.6,79,-0.53,4.4,131.7,1
-1.1,-1.6,4049,-6.1,81.6,-0.47,-0.4,112,2
3.7,-1.7,4057,-3.3,80.7,-0.44,0,117.2,2
3.5,-1.1,4059,-2.2,79.2,-0.36,2.5,130.7,2
6.3,-0.2,66453,4.3,3.8,1.04,3.2,63.4,16
7.1,-0.5,70848,6.7,3.9,1.06,3.8,65.2,16
8.6,-0.6,76543,9.3,4.6,0.99,2.5,62.1,16
11.2,-1.4,84863,21.8,4.7,0.99,3.4,66.9,16
8.9,-2.2,92110,20.6,5.9,0.98,3.6,66.4,16
3.6,-3.8,95170,14.9,9.2,1.01,4.9,60.4,16
-5,-4.2,90161,10.6,14.2,1.01,1,58,15
-0.7,-3.9,89739,12.6,18.9,1,2.7,59,15
-3.6,-3.7,85891,10.7,24.3,0.99,2.9,59.9,15
9.2,-7.7,917,1,74,-0.28,4,51.9,2
12.4,-5.7,977,3.7,89.6,-0.55,4.7,57.5,2
10.6,-2.3,1044,5.9,80.4,-0.68,5,67.6,2
19,3.5,1230,11.3,55.3,-0.67,3.1,74.5,2
12.3,2.3,1386,11.5,40.5,-0.6,11.7,75.7,2
17.1,0,1733,11.9,37.2,-0.66,11.8,82.9,2
0.9,-2,1774,4.3,40,-0.53,0.2,68.3,3
13.2,-0.1,1977,4.9,38.6,-0.45,7.1,75.2,4
20.6,-1.1,2374,2.2,34.7,-0.41,6.9,81.8,4
15.1,-0.2,2634,-15.5,24.4,-0.57,0.5,94.7,2
9.3,0.7,2839,-15.9,24.1,-0.72,4.3,99.9,2
16,2,3216,-7.4,19.5,-0.6,4.6,93,3
15.5,0.2,3965,-9.6,16.8,-0.8,4.9,94.6,3
15.1,-3.2,4813,-12.4,27.5,-0.57,3.8,93.7,3
-0.8,-5.1,4440,-5.5,31.2,-0.69,0,75.3,3
-11.2,-3.9,4365,-5.6,39.3,-0.73,3.1,95.7,3
3.6,-2.6,4753,-8.7,40.4,-0.76,3.1,74.7,3
8,-0.2,4104,6.2,11.7,0.73,6.4,85.8,12
13.1,1.3,4836,4.7,10.6,0.64,7.9,91,12
20.7,8.8,5295,15.7,7.4,0.66,11.3,88.5,12
16.5,12.6,5327,19.2,6,0.51,8.5,86.3,12
13.6,5.5,5675,18.4,5.7,0.58,8.2,93.8,12
13,-6.3,5685,7.8,7.6,0.55,13.7,102.6,12
-4.7,-12.3,5100,-5.2,17.9,0.54,5.8,85.9,12
29.1,-6.7,6850,0.3,19.3,0.52,7.4,78.9,12
12,-0.2,7531,-0.2,18.8,0.53,9.2,94.5,12
15,-5.7,3041,0.8,59.9,0.18,9.3,27.1,3
14.2,-3.3,3610,1.8,56,0.07,7.6,29,4
10.6,-3.4,4742,1.6,56.4,-0.1,5.7,26.6,5
10.4,-3.4,5795,1.3,56.4,-0.16,3.1,25.8,6
12.3,-2,7201,0.1,58,-0.13,4.5,25.2,7
13.9,-1.9,8633,-1.7,57.4,-0.02,5.9,27.1,7
6.8,-3.2,8384,-1.5,60.9,0.02,4.3,22.1,8
16.4,-2.8,10993,-2.2,53.4,0.07,5.9,22.8,8
9.9,-2.9,12594,-2.1,54.2,-0.01,6.5,24.5,9
7.9,-0.4,2642,-5.3,44.4,0.11,5.6,107.4,6
11.2,1.9,3249,-6.4,37,0.19,4,115.3,7
14.2,1,3733,-11.6,27.5,0.19,6.5,96.2,7
13.8,1.9,4313,-17.6,21.6,-0.01,6.5,140,8
16.2,1.2,5498,-25.2,17.2,0,12.5,138.6,8
15.1,1.7,6798,-23.1,13.7,-0.05,7.8,136.9,8
-1.4,-4.3,6403,-8.9,14.6,0.06,0.6,103.8,8
3.2,-3.1,6335,-1.5,16.2,0.01,4.5,116.7,8
6.8,-2,7286,0.1,16.3,0.01,2.8,133,9
17.4,-2.9,632,-5.6,31.2,-0.86,10.8,138.3,3
19.8,-3.1,749,-10.2,27.9,-0.95,12.5,133.3,3
2.6,-8.4,744,-8.9,29,-0.8,5.3,122.9,3
9.2,-7.5,795,-7.8,30.3,-0.82,3.1,113.6,3
10.7,-7.5,897,-9.3,30.5,-0.75,4.9,113.6,3
5.3,0.5,28028,1.1,66.8,2.01,2.1,70.2,17
6.5,1.6,31821,2.3,62.5,1.96,2.1,70.5,17
6.5,2.5,36030,1.9,59.5,1.91,2.1,70,17
5.3,2.8,40211,1.4,57.1,1.93,1.8,68.3,17
5.4,2.6,44279,0.8,53.5,1.77,2.5,66.5,17
5.1,0.9,46296,0.1,57.7,1.79,1.2,67.2,17
-4.9,-3.1,40587,-3,68.4,1.83,1.3,58.4,17
6.4,-3.3,47354,-3.6,69.2,1.86,2.4,59.9,17
5.9,-2.5,51650,-3,69.9,1.85,2.3,62.5,17
5.4,2.7,54420,-21.2,7.3,1.25,1.6,104.9,14
7.7,-1.5,57536,-22,8,1.24,1.7,99,14
0.8,-5.6,57991,-20.9,13.4,1.27,3.9,105,14
-4.9,-8.1,54190,-20.3,20.3,1.24,-1.3,99.8,14
-2.8,-3.6,52674,-20.5,24.1,1.23,0.3,104.3,14
1.8,-3.2,52695,-21.8,24.5,1.22,1.9,107,14
8.9,-0.4,4783,-1.1,12.6,1.24,1.1,67,10
15,2.1,6172,2.6,10.3,1.2,2.4,70.2,10
13.8,4.4,7565,1.5,7,1.22,3.7,72.1,10
19.1,7.3,9412,4.6,5,1.13,2.6,73.5,12
10.3,7.8,10428,4.1,3.9,1.27,7.8,77.2,12
3.8,3.9,10715,-3.2,4.9,1.18,7.1,81,12
2.8,-4.4,10158,2,5.8,1.15,-1.5,66.8,13
15.1,-0.5,12727,1.5,8.6,1.18,3,69.8,14
9.4,1.3,14563,-1.3,11.1,1.17,4.4,72.7,14
13.4,-2.1,1281,2.6,19.7,-0.04,3.2,56.6,12
17.7,-1.3,1499,3.5,17.8,0,2.4,65.1,12
16.4,-1.2,1752,5.8,16.8,-0.09,1.6,67.8,12
18.8,-0.7,2126,8.3,25.4,0.12,2.8,68.7,12
19.6,0.6,2652,10.1,29.9,0.22,6.5,68,13
18.5,-0.4,3421,9.3,27.6,0.19,1,62.1,13
10,-2.2,3808,4.8,33.8,0.13,1.9,48.3,13
16.3,-1.7,4449,4,34.1,0.12,4.6,54.8,14
15.5,-1.2,5360,1.9,30.8,0.12,4.1,55.3,14
11,-4.1,2263,-1,42.6,-0.14,6.4,36.5,6
13,-3.7,2769,-0.8,38.9,-0.14,5.5,35.9,6
10.5,-4.2,3419,-1.3,39.1,-0.16,4.8,35.6,6
12.9,-3.1,3748,-1.8,37.5,-0.1,4.5,38.2,6
12.3,-2.8,4733,-2.9,32.9,-0.03,5.7,36.3,6
11.4,-1.7,5536,-2.8,33.3,-0.01,7.6,38.1,7
5.1,-3.7,5243,-2.1,35,-0.02,1.9,34.3,7
8,-3.5,6314,-3.1,34.9,0.14,3.1,33.7,7
14.1,-2,7309,-3,33.4,0.24,3.7,38.7,8
15.2,-2.4,4211,-5,40,0.26,9.8,95.2,7
16.6,-2.5,4390,-4.3,41.1,0.24,13.1,95.7,7
17.1,-1.9,4633,-4.9,37.5,0.15,14.1,102.5,7
20.7,-0.8,5141,-4.5,33.3,0.11,9.4,104.4,7
18.1,0.6,5911,-6.3,27.5,0.2,10.8,102.2,7
15.5,0.2,6598,-9.3,24.7,0.27,13.9,100.6,7
7.3,-3.4,6400,-2,27.2,0.33,4.1,84,7
13.3,-5.2,7791,-3.5,29.1,0.32,5.8,79.1,8
8.7,-4.1,8680,-5.4,30.7,0.35,4.7,79.8,8
9.6,-4.7,7690,-6.1,35.4,0.38,1.7,92.8,8
8.1,-3.4,9237,-4.3,37.6,0.47,2.7,92.1,8
7.8,-2.8,10090,-5.5,38.2,0.48,3.7,90.9,8
9.1,-2.6,11229,-6.5,35.4,0.57,2.1,92.4,8
9.4,-2.1,13376,-7.3,32.9,0.48,5.8,91.8,8
7.9,-1.3,15694,-8.7,29.3,0.58,2.8,91.9,8
-4.3,-4.2,14044,-4.9,35.8,0.61,2,76.7,8
-1.5,-5.1,13331,-1.5,42.6,0.62,1.8,79.9,8
2,-5.2,14032,-0.7,47.2,0.55,2.1,84.6,8
11.6,-4.6,4092,0.3,17.8,-0.54,3.7,39.4,1
23.7,-3.2,5056,-0.4,17.6,-0.33,5.7,37.2,1
11.1,-3.2,5616,0.7,19.1,-0.2,2.8,38,1
3.8,-6.9,5829,-4.7,25.3,-0.22,-0.1,44.9,1
2.4,-4.8,5972,0,29.5,-0.25,-0.1,32.4,1
3.1,-3.5,6161,2.5,32.2,-0.24,1.6,39.9,1
5,-3.4,6470,1.2,34,-0.26,2.5,35.2,1
6.8,-6.6,13178,-2.3,69.6,1.1,2.5,96.3,12
7.7,-4.1,15327,-5,71.6,1.18,4.2,99.1,12
7,-2.5,16156,-5.9,70.8,1.18,2.2,99.8,12
7.7,-1.2,17288,-7,65.4,1.32,1.6,99.9,12
9.7,3.5,20410,-11.8,58.8,1.43,3.9,102.7,13
8.4,0.9,23427,-15.6,48.9,1.52,2.1,102.8,14
-1.8,-6.1,21533,-10.7,58.5,1.4,2,87.4,14
3.3,-5.3,20926,-9.8,61.3,1.5,1.6,90.1,14
3.3,-6.3,22410,-4.7,71.1,1.53,3.9,90.9,8
4.7,-6.7,9336,-6.1,28.6,0.89,1,119.4,13
9,-2.8,11157,-5,28.9,0.91,2.8,125.1,13
6.4,-3.2,12707,-0.9,28.4,0.97,2.2,126.1,13
7.6,-2.4,14449,-2.1,28.3,1.06,1.7,130.9,13
9.2,-0.7,17464,-4.4,27.9,0.9,5.4,133.8,13
5.1,-2.2,21625,-2.1,28.7,1,3.6,126.5,13
-2.3,-5.8,18803,-2.5,34.2,0.98,1,113.9,13
0.8,-4.8,18869,-3.8,37.9,1,2.3,129.8,13
0.9,-3.3,20585,-2.8,41,1.02,2.4,141.6,13
2,-0.1,39443,3.4,47.2,2.16,1.2,84.4,17
4.7,1.9,45282,3,45.1,2.34,0.9,85.8,17
5.4,5,47547,4.3,37.8,2.14,2.2,93.1,17
5.6,5,50462,3,32.1,2.25,1.7,101,17
3.9,4.8,57021,1.4,27.1,2.34,2.4,102.2,17
3.4,3.3,62597,2.9,33.4,2.23,2.4,106.3,17
-5,-2.8,56226,3.4,40.7,2.29,1.2,91.4,17
5.8,-2.7,56445,5.9,42.7,2.16,2.8,95.2,17
1.7,-2,59904,5.6,46.4,2.17,2.4,101.6,17
33.3,0.9,2245,5.1,28.1,-0.54,42.6,86.5,3
47.1,-0.8,2449,4.7,29.1,-0.64,28.7,83.9,2
12.2,-0.4,3606,-1.4,20.2,-0.55,7.4,65.5,2
16.6,-0.3,3806,-3.6,20.6,-0.54,5,68,2
14.7,0.2,4293,-5.3,18.3,-0.61,8.9,66.7,3
15.5,-4,4675,-10,24.5,-0.56,4.5,64.7,3
6.5,-3.3,4743,-5,28.4,-0.57,5.8,52.5,3
13.3,-2.9,5131,-8.5,28.7,-0.62,6.2,57.2,4
11.4,-2.4,5511,-8,29.3,-0.55,7.8,60.4,4
12.8,-0.9,2809,-1.3,36.4,-0.85,1.9,50.7,1
13.4,-0.4,3141,1.1,32.4,-0.92,3.1,56.1,1
12.8,-0.2,3491,3.7,26.5,-0.97,2.9,59.7,1
10.2,-9,1209,2.4,97.1,-0.3,3.2,46.2,7
16.2,-8.3,1149,4.3,89.6,-0.23,8.1,57.8,7
11,-8.4,1283,3.2,93.2,-0.39,8.8,63,7
14.7,-9.2,1506,1.6,90.4,-0.55,4.2,61.5,7
20.6,-7.5,1771,1.7,80.2,-0.45,11,65.1,7
20.2,-8,2160,0.5,70.2,-0.44,11.7,71.7,7
16.4,-6.9,2453,-2.3,72.9,-0.34,16.2,56.6,7
15.8,-8.3,2776,-2,73.2,-0.43,11.7,47.9,7
13.6,-9.8,2930,-2.6,76.6,-0.6,11.1,45.3,3
5.2,-3.7,2504,-4.7,40.5,-0.34,2.5,70,8
5,-2.4,2620,-4.1,40.7,-0.27,5.4,71.3,8
8.2,-3,2825,-3.6,39.8,-0.32,4.3,69.8,8
8.5,-2.9,3054,-4.1,40.5,-0.2,4.9,71.8,8
8.4,-2,3295,-6.1,39.1,-0.19,4.9,74.2,8
6.6,-3.2,3496,-7.1,40.4,-0.16,5.5,76.6,8
-3.6,-5.7,3354,-1.5,50.3,-0.02,-0.2,61.9,7
3.7,-4.3,3458,-2.7,51.7,0.01,2.1,68.8,7
7.8,-3.9,3709,-4.6,52,-0.11,5.1,74.6,6
12.1,1.7,7285,-11.3,5.6,0.93,1.1,145.9,13
11.1,1.6,8925,-11.3,5,0.97,5,153.2,13
15.5,1.6,10340,-10,4.6,0.99,3.6,161.9,13
19.8,2.5,12515,-15.3,4.4,1.17,5.1,155.6,13
20,2.4,16416,-15.9,3.7,1.07,9.6,143.4,13
1,-2.9,17808,-9.2,4.5,1.19,7,146.1,13
-15.2,-2,14306,3.4,7.2,1.13,-1.7,124.4,13
4.1,0.2,14180,2.9,6.7,1.22,5.7,152.1,13
11.4,1.2,16568,2.1,6.2,1.2,3.7,179.1,13
9,-5.8,2834,-2.3,48.6,-0.22,4.2,119.1,6
7.7,-3.1,3330,-9.3,48.2,-0.43,3.3,116.7,6
7.6,-3.3,3655,-10.1,47.7,-0.11,2.7,118.3,6
5.6,-2.9,3747,-19.4,53.5,-0.13,3.1,119.2,6
2.1,-2.1,4077,-14.2,49.9,-0.45,4.3,111.5,6
5.5,0.5,4303,-18,49.9,-0.76,6.6,125.8,6
-1.1,-4.1,3432,-8.1,54.8,-0.92,6.8,106.4,4
8.1,-2.1,3747,-12.9,54.7,-0.73,5,117.6,4
8.8,-1.4,4322,-7,53,-0.71,7.7,120.4,4
1.3,2.5,31553,4.8,44.5,2.26,1.2,70.6,17
4.6,2.3,36190,6.2,44.4,2.21,0.1,73.2,17
3.4,2.7,37330,3.4,41.7,2.16,1.1,79.5,17
5.3,4.1,39496,4.2,39.7,2.12,1.2,86.3,17
8.5,5.3,46571,4.3,35.2,1.96,1.9,86.6,17
3.2,4.3,51345,2.6,34,2.04,3.4,90,17
-7.2,-2.7,44939,1.8,43.6,2.23,1.8,73.1,17
3.8,-2.8,44204,1.5,48.7,2.24,2.8,79.3,17
6,-1.1,48912,-1.5,49,2.25,2.6,82.3,17
2.9,-4.1,28851,0.4,63.2,1.72,2.2,50.9,17
4.3,-3.6,32829,0.5,65,1.81,2.1,51.9,17
3.8,-3,33851,-0.5,66.7,1.71,1.5,53.4,17
4.7,-2.4,35490,-0.6,64,1.58,1.5,55.1,17
4.9,-2.8,40400,-1,64.2,1.48,2.6,55.3,17
2.5,-3.3,44165,-1.7,68.2,1.58,1,56,17
-2.5,-7.6,40596,-1.3,79.2,1.48,0.9,48.6,17
2.7,-7.1,39498,-1.6,82.3,1.44,1.8,53.3,17
3.1,-5.3,42465,-2,86,1.36,2.5,56.7,17
15.3,-6.6,2614,-11.4,33.6,0.29,11.2,87.7,5
17.4,-3.6,3218,-12.4,29.7,0.55,2,91,5
0.7,-4.2,29425,1.9,64.4,1.4,1.1,67.5,17
2.2,-3.8,33084,4.7,66.2,1.53,2.2,72.1,17
1.3,-3.3,33575,5.1,68.5,1.54,1.4,77.4,17
4,-1.7,35271,6.3,68,1.65,1.4,85.4,17
5,0.2,40461,7.4,65.2,1.66,3.2,87.3,17
1.9,-0.1,44306,6.2,66.8,1.55,1.1,90,17
-4,-3.1,40393,6,74.5,1.57,0.7,79.9,17
5.1,-4.1,40500,6.2,82.4,1.55,1.3,88.4,17
3.9,-0.8,44111,6.2,80.4,1.53,2,95.3,17
10.1,-5.7,17690,-6.5,97.4,0.75,3.1,52.3,13
7.4,-7.4,20824,-5.8,98.9,0.83,3.1,54.8,13
4.2,-5.6,21641,-7.6,101.2,0.72,3.6,55.7,13
8.1,-6,23497,-11.4,107.5,0.72,2.9,57.7,13
7,-6.8,27328,-14.6,107.2,0.62,3.9,61.7,13
4.5,-9.9,30518,-14.9,112.9,0.64,2,62.7,13
-0.9,-15.6,28535,-11.2,129.7,0.58,2.6,50,12
-3.9,-10.8,26049,-10.1,148.3,0.52,5.2,53.8,7
7.1,-2.6,1812,-4.7,20.9,-0.45,5.9,66,6
9.4,-1.1,1932,-4.9,21.4,-0.64,9.2,69.1,6
9.1,-1.7,2140,-4.6,20.8,-0.7,8.6,66,6
10.6,-1.9,2319,-5,21.7,-0.58,5.8,66.8,6
13.9,-1.4,2554,-5.2,21.3,-0.52,8.7,67.9,6
13,-1.6,2859,-3.6,20.1,-0.53,9.4,64.1,6
4.1,-3.1,2689,0.7,22.9,-0.69,-0.3,57.1,6
8.2,-3.3,2873,-1.4,24.1,-0.7,5.4,62.1,7
9.8,-2.8,3184,-3.4,24,-0.7,6.2,64.9,7
10.6,-4.7,1246,-6.7,60.8,-0.58,6.8,122.2,3
13.1,-2.6,1316,-7.6,59.7,-0.56,9.2,135.5,3
13.8,-2.2,1418,-3,44.7,-0.64,7.7,136.5,3
12.3,-1.1,1556,-3.7,28.7,-0.61,5.3,133.1,3
13.2,-2.9,1727,-9,17.4,-0.54,8.9,135.1,3
12.4,-2.4,1901,-15.3,20.1,-0.61,10.8,135.7,3
5,-6,1958,-3.8,23.9,-0.69,3,96.9,3
8.6,-4.7,2084,-5.3,29.2,-0.67,6.5,109.4,3
11.7,-4.6,2282,-8.5,31.5,-0.58,5.6,121,3
-3.1,-3.2,23977,10.8,0,1.66,-1.9,327.2,13
4.8,1.6,24928,9.9,1.9,1.79,0.3,364.6,13
7.2,1,26650,11.9,1.7,1.63,1.3,377.1,13
6.5,3.8,28224,12.7,1.4,1.89,2.3,392.4,14
9.8,7.3,30552,13,1.2,1.86,3.8,396.8,15
3.4,0.1,31426,15,1,1.83,2.1,407.4,15
-2.8,1.5,30562,9.5,1.4,1.77,1.5,374.3,15
7.1,4.1,32357,6.6,2.2,1.73,2.9,432.5,16
9,3.8,35173,4.8,3.1,1.7,5.7,446,16
9.5,-7.3,8247,-8,58.6,0.96,5.7,126.7,13
10.3,-6.5,10085,-8.6,59.5,0.9,5.5,130.3,13
6.5,-7.9,10937,-7.5,61.7,0.8,3.3,134,13
7.5,-9.5,11173,-7.4,65.9,0.9,6.5,156.4,12
5.6,-5.1,13534,-7.3,67,0.76,7.4,161.7,12
6.2,-3.7,15363,-7.2,73,0.76,3.5,162.9,11
-3.5,-4.6,12636,-0.1,79.8,0.7,5.6,150.3,10
3.8,-4.4,12795,1.2,81.8,0.7,4.7,167.4,8
4.8,4.2,13909,1.5,81.4,0.71,4.1,176,7
3.1,-2.8,37890,-4.8,40.8,2.12,2.8,71.6,17
10.5,0,45370,-9.8,34.4,2.12,3.9,73.8,17
10.3,4.9,54885,-16.2,25.4,1.99,4.1,75.7,17
13.9,6.3,54814,-23.8,30.1,1.86,7,82.7,17
12,5.4,65566,-15.7,29.1,1.79,5.9,80,17
13.1,-13.5,53029,-24.6,75.4,1.82,18.1,91.6,10
1.2,-9.9,38038,6.9,98,1.65,7.5,97.1,8
2.5,-10.1,39505,7.2,106.1,1.58,2.5,102.6,8
6.3,-5.6,44118,3.4,119.2,1.57,5.3,109.7,8
12.1,-8.3,558,2.3,83.3,-0.07,3.7,30.1,7
14.2,-7.2,643,-0.3,82.1,-0.1,3.8,36.9,8
13.9,-6.5,732,-1.2,79.1,-0.08,5.5,41.3,8
16.3,-5.4,820,-1,74.7,-0.04,6.8,45.3,8
16.1,-4,1055,-1.3,71.4,0.11,5.5,44.9,8
12.9,-8.3,1028,-2.3,72.2,-0.03,9.6,52.3,8
15.1,-9.4,1131,-2.8,70.6,-0.02,14.9,45.5,8
20.3,-6.8,1397,-2.7,65,-0.01,9.7,48.2,8
15.1,-8.1,1509,-4.2,64.7,-0.03,6.3,54.2,8
10.5,-1.7,1058,3.5,56.3,-0.45,5.2,53.6,3
14,-1,1143,0.6,52.2,-0.38,6.4,59.8,3
20.8,-0.5,1258,0.1,43.4,-0.44,17.1,64,3
20.4,-0.9,1586,3,36.8,-0.33,6.6,56.7,4
18.3,-1.3,1859,2.4,34.3,-0.27,5.8,54.8,5
25.3,-0.1,2172,0,33.1,-0.23,11.1,58.6,5
13.3,-1.6,2273,2,28.4,-0.26,2.8,45.5,6
15,-0.7,2957,0.7,26,-0.19,7,47.5,6
15.1,-1.1,3493,0.2,24.3,-0.24,3.8,51.3,7
7.6,0.4,39850,0,30.7,1.58,3,150.4,17
6.7,1.4,45879,-0.6,29.5,1.56,2.4,151.9,17
8.6,1.7,48786,-3.5,27.3,1.73,2,150.9,17
9,2.9,52382,-3.5,24.6,1.62,3,148.7,17
6.2,0.1,59372,-5.4,25.1,1.6,3.3,152.4,17
-5.2,-7.4,59440,-5.7,44.5,1.53,1.4,158.8,17
-9.9,-13.9,50371,-2.3,64.9,1.32,-2.6,165.5,16
-2.9,-30.9,46404,1.1,92.1,1.31,-0.2,182.8,10
2.9,-13.1,48973,1.1,105.1,1.42,1.5,185.5,7
0.9,-6.1,17728,0.5,97,1.25,-1.9,74.1,12
5,-4.3,18566,1.7,95.5,1.31,1.2,82.8,12
5.9,-2.6,19293,3.1,91.9,1.08,2.4,86,12
7.8,-1.3,20574,4.8,82.9,1.27,-0.1,85.4,12
5.7,-0.6,23167,2.7,76.6,1.27,3.4,86.8,12
5.8,-2.6,27573,1.1,75.4,1.35,3.8,82.1,13
5.9,-5.6,26019,3.8,77.8,1.14,3.9,67.3,13
6.3,-3.8,28601,3.7,74.4,1.24,2.7,72.1,13
7.1,-3.3,31375,1.4,72.4,1.2,2.2,75.1,13
3.1,-3.6,26343,-0.8,104.1,0.8,2.6,48.3,15
4.2,-3.6,29873,-0.3,103.7,0.67,2,49.7,15
2.8,-4.5,30508,-0.9,105.7,0.58,2,51.8,15
3.9,-3.4,31807,-1.5,106.3,0.44,1.9,56.1,15
4.1,-1.6,35878,-1.3,103.3,0.28,2.6,58,15
1.3,-2.7,38715,-2.9,106.1,0.37,2.3,57.7,15
-3.5,-5.4,35176,-2,116.4,0.49,1,48,15
2.1,-4.3,34043,-3.5,119.3,0.51,1.8,55.1,15
1.7,-3.7,36177,-3.1,120.8,0.45,3.3,59.1,12
15.7,-5.1,3592,-8.2,119,0.06,14.1,88.2,4
14.3,-4.2,3856,-4.9,117.1,0.21,13.7,89.3,4
12.4,-2.9,4241,-9.5,111.2,-0.08,12.9,90.5,4
12,-4.5,4479,-9.9,110.1,0.28,5.6,100.8,4
12.9,-4.1,4782,-15.9,104.2,0.29,16.8,101.3,4
12.7,-7.4,5103,-20.4,104.8,0.28,16.9,113.6,4
7,-11.1,4508,-9.3,116.3,0.19,10.2,86.7,1
8,-6.3,4898,-7.1,116,0.18,11.8,80.9,2
7.6,-6.4,5342,-14.3,115.5,0.2,6,84.7,2
-0.1,-7.8,33690,3.2,169.6,1.22,-0.4,22.1,16
1,-5.9,36442,3.7,180.7,1.42,0.2,24.5,17
0,-4.8,35781,3.6,186.4,1.35,-0.4,27.2,17
0.6,-3.6,34102,3.9,186,1.54,0.3,31.1,17
1.2,-2.1,34095,4.9,183,1.44,0.7,33.8,17
-2.3,-4.1,37972,3.3,191.8,1.43,0.4,35.2,17
-6,-10.4,39474,2.9,210.2,1.33,-1.7,25,15
2.4,-9.3,43117,3.7,216,1.4,-0.4,29.1,15
-2.4,-9.9,46136,2,230.3,1.35,-0.2,31.2,14
6.4,-2,1949,11.8,99.6,0.24,1.6,115.7,6
11.9,-1.1,2133,0.3,91.8,0.12,3.4,134.6,6
10.3,-5.6,2300,-18,84.3,0.07,3.5,146.9,6
19.6,-4,2689,-11.5,76.3,0.17,6.3,141.8,6
13.6,-4.7,2990,-16.8,73.8,0.22,4.7,146,6
28.5,-4.3,3757,-9.3,60.2,0.22,13.9,144,6
8.5,-8.5,3987,-5.2,64.8,0.22,-0.7,115,6
10.9,-5.6,4326,-7.1,67.1,0.08,5,116.8,6
9.1,-6.8,4618,-12,70.7,0.05,4.4,119.4,6
22.1,4,2068,-0.9,15,-0.65,6.8,91.5,8
27.3,2.6,2874,0.8,11.4,-0.64,6.7,96.4,8
29.3,6,3771,-1.8,8.1,-0.55,7.6,98.3,8
34.6,7.7,5292,-2.5,6.7,-0.45,8.4,91.9,9
25.8,5.1,6771,-7.9,5.8,-0.53,18.8,92.2,9
24.9,1.2,8514,4.7,6.8,-0.41,9.5,94.4,9
5.9,-1.3,7165,-3.6,10.2,-0.21,6.2,75.9,9
27.3,1.5,9000,1.6,10.8,-0.28,7.8,73.7,9
24,5.9,11058,7.7,10.7,-0.26,7.4,79.3,9
6.5,1,13451,2.4,21.6,0.93,3.4,68.5,11
7.8,0.7,15029,4.5,24.6,0.94,3.1,77.6,11
4.6,0.6,17550,2.2,28.7,1.02,2.6,75.8,11
5,0.7,19677,1.5,31.1,1.08,2.1,78,11
7.3,3.8,21589,2.1,30.7,1.25,3.6,82.3,12
5.3,1.5,19028,0.3,30.1,1.09,4.1,107.2,12
3.8,-1.7,16959,3.9,33.8,1.08,2.7,95.8,12
10.2,1.4,20540,2.9,33.4,1.19,3.1,102,13
5.3,1.5,22388,2.3,34.2,1.23,4.2,110.1,13
23.1,15.2,18787,19.7,18.6,0.06,1,86.6,12
22.8,19.1,21586,26.1,15.1,0.07,1.3,89.3,12
34.7,40.1,27015,37.2,12.5,0.23,4.1,92.2,12
24.9,31.5,31907,44.6,10.1,0.23,3.1,89.7,14
10.6,37.5,33733,36,11.7,0.11,5.5,91.7,15
21.6,15.3,42824,40.9,9.7,0.02,10.6,92.7,15
-23,31.8,30410,26.8,11,0.13,4,88.8,15
12.7,20.4,33481,31.9,10.8,0.1,4,93.4,15
29.2,24,43723,44,8.1,-0.04,4.7,95.7,15
11.7,-1.6,4794,-8.2,14.7,0.66,3.7,97.1,12
16.5,-1,5939,-12.9,15,0.65,7.3,103.7,12
21.3,-0.4,6928,-12.6,12.5,0.59,7,110.8,12
23.6,-0.5,8678,-22.6,10.7,0.68,6.8,111.7,12
32.3,-0.4,12588,-22.4,9,0.49,14.1,105.1,12
9.3,-4.2,14762,-13.1,19.8,0.56,10.6,99.9,11
-18.7,-9.7,11466,8.6,36.9,0.61,-1.2,89.3,8
-2.2,-8.1,10763,2.9,44.4,0.7,2.5,108.5,8
11.7,-3.6,13838,-2.2,41.9,0.68,4.1,122.4,8
3.4,-13.8,5421,-13.2,160.3,-0.21,1.3,124.2,3
8.6,-9.7,5804,-15.5,160.5,-0.29,1.7,135.4,3
0,-8.6,5823,-13.6,171.8,-0.21,-0.7,137.6,2
3.5,-10.5,5903,-5.3,172,-0.39,5.6,145.3,2
12.5,-10.9,6640,-6.8,155.7,-0.42,4.1,151.4,2
18.9,-9.7,7795,-9.3,147.2,-0.49,10.8,172.1,2
16.7,-8.3,8984,-9.8,136,-0.58,1.2,145.8,3
7.1,-7.7,9499,-9.6,130.5,-0.35,4.5,138.4,4
5.1,-6.1,9857,-12.5,126.4,-0.33,5,147.4,4
9.3,-1.3,5413,-6.7,21,0.76,-1.3,107.7,11
10.1,-1.5,6595,-7.6,19.3,0.75,2.8,110.8,11
14.9,-0.5,7644,-7.1,18.3,0.79,3,121.8,11
15,-0.4,8910,-10.6,17.9,0.74,4.4,127.8,12
19.2,-1,11648,-14.4,16.8,0.7,8.1,121,12
12.8,-3.3,14140,-12.9,15.5,0.61,8.6,131.1,12
-17.8,-9.4,11095,3.7,29.3,0.66,0,110.2,10
3.6,-7.2,11127,0.1,37.9,0.72,5.1,137.9,10
11.6,-5.5,14148,-3.7,38.5,0.68,3.4,158,10
7.7,0.5,64660,8.1,6.1,1.93,2.1,250.2,17
6.3,-1.1,74488,11.9,6.3,1.93,2.2,280.5,17
10.3,0,81002,11.5,6.1,1.78,2.5,286.2,17
12,1.4,90100,10.4,6.7,1.59,2.3,309,17
10.6,3.7,107073,10.1,6.7,1.6,3.4,319.5,17
-0.3,3.2,112469,5.4,14.4,1.62,1.1,333.5,17
-3.6,-0.8,100836,7.2,15.3,1.75,1.8,294.9,17
10.8,-0.9,104442,8.2,19.2,1.71,2.8,312.6,17
6.8,-0.2,114464,7.1,18.3,1.73,3.2,321.8,17
12.9,4.2,17252,32.7,0,1.3,-1.4,176.2,13
29.4,7.5,21821,34.7,0,1.09,2.8,173.7,13
14.8,7.4,24497,24.9,0,1.25,5.6,156.9,13
23.4,8.4,29537,16.7,0,0.99,4.6,151.3,13
24.5,20.9,35701,23.8,0,0.98,7.1,159.4,14
14.6,19.1,39986,19.5,0,1.01,6.1,160.3,14
2.3,20.2,40125,31.8,0,1.31,0.7,143.7,14
33.4,22.1,52166,42.6,0,1.32,3.9,155.8,14
30,26.2,66215,46.1,0,1.3,6.8,165,14
9.4,-4.8,4546,11.7,43.6,1.17,1.2,187.8,10
12.5,-4,5011,11.8,44.5,1.13,2.1,204.7,11
11.6,-3.4,5499,14.4,42.1,1.13,3.2,203.9,11
9.8,-3.2,6119,16.1,40.6,1.19,3.1,202.6,11
11.5,-3.1,7155,15.4,40.1,1.24,2.3,192.5,11
15.7,-4.6,8399,17.1,39.8,1.15,4.5,176.7,11
-7.4,-6.7,7236,15.5,50.8,0.96,1,162.6,11
11.5,-5.4,8691,11.1,51.2,1.1,2.1,170.3,11
10.8,-4.8,9977,11,51.8,1,3,167.2,11
3.9,-9,13067,-3,66,0.93,2.4,153.9,11
1.1,-4.6,14426,-5.8,69.8,0.83,2.8,154.9,11
6.1,-2.9,15220,-8.5,68,0.82,3.6,153,11
5.4,-2.7,16087,-9.5,62.5,1.08,0.8,182.3,11
7.1,-2.3,18682,-6.2,60.7,1.21,3.3,185.6,12
7,-4.6,21289,-4.9,60.9,1.28,4.9,185.4,12
0.1,-3.7,20089,-7.4,66.4,1.12,-0.6,165.8,12
5.8,-3.6,20147,-4.7,67.4,1.15,3.2,189.9,12
3.8,-2.8,21952,-0.2,70.3,1.16,2.1,195.1,12
11.9,-6.2,4757,1.6,57.3,0.75,3.9,110.1,9
11.5,-4.4,5334,-1.7,53.8,0.65,5.6,108.5,9
5.8,-4.9,5219,-5,57.3,0.62,3.9,123.2,9
11.5,-4.5,5374,-9,55,0.67,11.9,131.4,9
14.3,-2.1,6182,-5.6,47.1,0.71,8.7,125,9
12.4,-2.2,7600,-10.1,43.9,0.76,6.7,119,9
2.9,-6.6,6929,-7.4,50.5,0.68,1.5,107.3,9
5.8,-3.2,7577,-8.2,49.6,0.76,6.1,116.4,9
8,-3.2,8743,-10.3,50.9,0.76,4.8,119.8,9
8.4,-1,6740,-1.1,22.1,0.23,4,52.2,9
13.5,-0.9,7221,-0.8,20.7,0.17,5.2,55,9
7.9,-0.7,7971,-0.7,20.2,0.08,3.3,55.6,10
12.2,-1.5,8830,-0.6,20.5,0.16,4,57.2,10
9.1,-1.6,9483,-1.3,20.8,0.16,3.8,57.5,10
7.6,-1.3,9893,-1.7,24.4,0.17,6.5,58.4,10
-2,-1.9,7887,-0.7,28,0.19,3.6,56.7,10
9.5,-2.4,9118,-0.2,27.5,0.17,4.4,61.9,10
10.1,-2.3,10097,-0.8,28.2,0.32,3.8,64.4,10
22.4,0.7,548,-6.6,56.9,-0.71,15.7,140.1,1
16,0.7,721,-1.8,42.5,-0.89,12.5,132.7,1
17.5,1.5,831,-7.6,34.4,-0.73,10,143,1
18.9,0,951,-11.3,30.4,-0.79,14.1,137.2,1
19.4,-0.2,1230,-15.2,25.2,-0.8,13.1,142.7,1
17.8,-1,1696,-16.1,18.8,-0.75,7.3,134.4,1
19,-2.5,1632,-7.7,26.5,-0.63,8.1,117.8,2
14.6,-2.4,1971,-11.3,23.1,-0.58,7.8,130.8,2
27.9,2.4,991,3.5,54.3,-0.36,9.2,122.4,4
33.5,3,1332,10.8,42.1,-0.4,4.8,112,4
24.2,2.6,1642,4,35.9,-0.51,14.1,115.9,4
31.7,-4.5,2135,-12.1,30.6,-0.51,23.2,119.7,4
-1.1,-5.2,1685,-7.5,43.3,-0.69,1.9,108.2,4
28.8,0.5,2262,-14.2,38.5,-0.61,14.3,116.4,4
32,5.7,3152,-31.3,50.6,-0.62,9.4,160.6,4
15.1,1.6,7183,-50,29,-0.01,6.9,133.5,6
-3.4,-3.6,6569,-27.9,38.2,-0.03,1.5,97.5,5
7.1,-4.2,1674,3.1,64.4,-0.1,1.8,60.2,7
5.9,-3.8,1893,1.6,61.7,-0.08,0.5,63.7,7
4.5,-6.2,1959,1.6,64.6,-0.26,2.1,70.2,7
9.4,-2,2138,2,59.4,-0.15,3.3,73.9,7
6.7,-0.1,2426,-0.3,54.6,-0.16,2,80.6,7
11.8,0.7,2838,-6.4,48.2,-0.17,4.2,88.3,7
6.3,-1.8,2874,-5.9,48,-0.21,-1.5,68.4,7
4.3,-4.4,2841,-4.6,51.3,-0.17,2.2,76.3,7
5,-6.8,3074,-8.4,54.4,-0.22,0.9,84.3,7
12.2,-7.2,5369,-2.2,26.5,0.06,7.2,97.4,8
2.5,-3.1,33243,5.5,52,2.03,1.7,119.7,17
3,-1.7,37509,7.6,52.4,2.12,1.1,125.4,17
4.5,-0.3,39159,7.4,51.8,1.95,2,130.7,17
5.2,0.5,41498,9.4,47.4,1.78,1,137.9,17
5.8,0.2,47839,6.7,45.3,1.73,1.9,140.2,17
4,0.5,53159,4.3,58.5,1.69,1.9,144.2,17
-3.6,-5.6,48315,5.2,60.8,1.75,1.1,130.1,17
2.7,-5.1,47013,7.8,63.1,1.73,1.9,148.3,17
2.2,-4.5,50187,10.1,65.5,1.79,2.4,157.1,17
6.9,3.5,20222,-3.8,25.9,1.82,1.5,57.5,17
7,4.2,24584,-5.7,23.6,1.97,2.7,57.7,17
5.5,4.8,27166,-7.9,21.7,1.74,3.2,56.8,17
5.1,4.1,25931,-8.3,19.3,1.65,2.7,58.6,17
8.3,3.2,31341,-8.1,17.2,1.66,3.2,57,17
0.8,1.5,30657,-8.8,20.1,1.64,3.4,63.7,17
2.2,-1.5,27120,-2.4,25.9,1.9,2,56.3,17
4.6,-5.1,32494,-3.2,32,1.87,4,57.1,17
3.8,-4.9,36690,-4,37.2,1.93,1.8,60,17
8,-4.1,1006,-13.3,103.1,-0.72,6.5,62.2,1
14.8,-3.3,1082,-11.9,75.7,-0.68,9.3,67.2,1
14.6,-3.1,1165,-12.4,69.7,-0.8,9.6,71.6,1
12.7,-2,1235,-12.5,53.6,-0.85,9.4,76.8,1
15.2,-1.2,1338,-16.4,31.7,-0.9,16.9,82.8,1
16.4,-2.2,1465,-18.2,28.8,-0.89,13.8,90.4,1
3.7,-3.1,1428,-9.5,32.4,-0.95,0.9,78.4,1
10.5,-1.4,1483,-10,33.2,-0.96,9.2,89.8,2
17.8,1.9,1642,-13.2,31.5,-0.9,8,99.6,2
3.9,7.4,49264,12.3,44.4,1.92,0.6,67.7,17
10.1,11.1,56628,12.7,45.4,2.1,1.1,70.2,17
11.8,15,65767,16.1,44.2,1.86,1.8,71.9,17
11.3,18.3,72960,17.1,54.9,1.95,2.2,73.5,17
5.8,17.3,83556,14.1,50.7,2.03,2.8,74.6,17
11,18.8,95190,17.5,48.2,1.84,2.1,76.3,17
-6.9,10.5,78458,11.8,43,1.75,2,67.8,17
6.8,11.1,86096,12.2,43.3,1.79,2.8,69,17
8.1,13.4,99062,12.8,28.6,1.76,0.2,69.7,17
7.5,6.8,8529,6.7,16.7,0.47,0.2,82.9,9
14.5,6.2,9601,3.6,15.5,0.45,0.7,90.6,9
25.3,12.9,11806,16.8,9.6,0.3,1.9,89.9,10
19.1,14.1,13784,15.4,8.7,0.27,3.4,88.8,11
13.9,12.1,15369,5.9,6.9,0.35,5.9,96.9,12
45,16.8,21808,8.3,4.7,0.44,12.6,95.9,12
-20.6,-0.3,16734,-1.2,6.7,0.58,3.5,85.6,12
21.9,5.3,23351,10,5.5,0.59,3.3,89.6,13
19,6.3,23380,14.7,5.5,0.43,4,94.5,13
9.5,-1.2,544,4.9,75.7,-0.39,2.6,32.8,3
15.7,-1.7,629,1.8,68.3,-0.45,7,30.3,3
15.2,-3.1,690,-1.4,63.5,-0.42,9.8,35.3,3
17.3,-3.7,789,-3.9,58.6,-0.36,7.1,38.5,4
13.8,-3.9,870,-4.8,56.4,-0.45,7.4,35.5,4
18.1,-7.3,978,-8.5,60.7,-0.68,19.3,36.7,2
24.2,-5.2,951,-5.7,61.6,-0.78,9.6,33.3,2
16.3,-5.9,1018,-2.2,62.3,-0.77,11.8,33,2
21.8,-6.4,1193,0.1,61,-0.82,13.3,33.4,2
5.4,-4.6,4138,-4.1,64.1,-0.05,0,122.1,7
9.6,-4,4456,-7.1,66.6,-0.03,1.2,131.5,7
9.1,-2.2,4776,-6.6,62.6,0.06,3.4,144.5,7
10.8,0.5,5202,-2.6,53.2,0.07,2.2,146.2,7
15.5,2.7,5907,-7.1,46.8,0.13,6.4,155.1,7
16.2,0.5,6752,-11.8,40.5,0.12,6.8,161.2,7
4.7,-1.1,6956,-0.7,43.6,0.15,1.9,145.4,7
12.3,-1.8,7692,-10.6,39.6,0.14,4.9,138.5,8
15.8,-2.3,8769,-12.4,39.8,0.1,6.3,169.2,8
0.8,1.6,660,4.7,60,-0.64,2.4,131,4
19.2,0.1,798,13.3,48.1,-0.88,4.7,137.8,4
11.9,3.2,885,8,39.5,-0.77,-1,147.9,4
11.3,2.4,991,2.9,33.6,-0.67,3.2,148.5,4
14.9,-2.2,1222,9.9,31.3,-0.7,11.3,140.3,4
3.4,-0.2,1209,-7.2,31.4,-0.76,5.7,117.5,4
18.2,0.7,1415,-6.5,24.9,-0.75,7.2,101.1,4
16,-0.2,1841,-1.3,23.6,-0.74,6.8,99.1,4
17.1,-0.5,1168,2,32.8,-0.91,9.3,94.4,1
13.4,1.4,1388,1.8,27.5,-0.9,2.7,94.9,1
12.4,0.7,1482,0.2,23.7,-0.79,9.7,103.4,1
11.2,0.4,1779,1.2,19.8,-0.89,12.5,107.5,1
15.7,0.9,2261,1.3,15.8,-0.85,6.1,103.2,1
16.3,2.3,2982,-1.7,12.1,-0.87,7.6,104.2,2
-2,0.1,2518,0.4,14.9,-0.91,2,96,2
20,1.2,3106,-3.3,12.3,-0.92,7.5,106.2,4
14.6,0.7,3958,-1,8.9,-0.83,5.1,97.4,4
6.9,-1.6,2280,-1.5,46.9,-0.42,2.5,35.3,5
11.5,-1.2,2559,0.1,42.6,-0.47,3.5,39.3,5
10,-0.6,2881,1.5,39.3,-0.6,1.5,44.3,5
15.5,2.1,3313,3.2,32.3,-0.55,1.1,48.4,5
11,2.7,3808,1.4,28.5,-0.48,3.9,51.5,6
10.6,2.4,4458,-4.2,25.9,-0.33,6.7,54.3,7
3,-1.5,4413,-0.6,26.1,-0.41,0.2,44.4,8
13.7,-0.2,5292,-2.5,23.3,-0.21,2.1,48.3,8
11.9,1.8,6009,-1.9,21.2,-0.15,4.7,53.4,8
8.3,-4.4,1020,0.3,73.8,-0.04,2.5,101.8,7
12.6,-3.7,1089,1.8,74.4,-0.2,7.1,102.6,6
10.9,-2.6,1205,1.9,68.5,-0.06,5.9,97.9,4
10.5,-1.1,1403,4.4,61.4,-0.05,4.1,94.9,4
9.9,-1.5,1685,4.8,53.9,0.07,3.7,86.6,4
12,-1.3,1932,2.1,54.7,0.02,7.8,76.3,4
4,-3.7,1836,5.6,54.8,-0.12,4.4,65.6,5
12.2,-3.5,2140,4.5,52.4,-0.1,3.6,71.4,5
8.1,-2,2370,3.2,50.9,0,4.2,67,6
4.3,-6.2,5675,-2.5,47.1,0.55,1.6,69.3,12
9.7,-5.4,6620,-5.2,45.7,0.49,4.4,77.3,12
6.4,-4.1,7963,-2.4,47.1,0.48,0.8,74.9,12
7.8,-3.6,8956,-3.8,47.7,0.43,1.4,82.5,12
11,-1.9,11152,-6.2,45,0.41,4.2,84.4,12
8.4,-3.7,13886,-6.6,47.1,0.48,3.3,83.8,12
5.4,-7.4,11295,-4,50.9,0.59,3.8,78.8,12
5.4,-7.9,12304,-5.1,54.8,0.7,2.9,85.7,12
7.9,-5,13384,-4.9,56.2,0.68,4.5,91.3,12
2.1,-3.7,15540,-6.4,59.4,1.15,2.3,62,15
4.1,-4,17677,-8.3,61.9,1.1,2.4,64.4,15
3.3,-6.5,18203,-10.3,67.7,1.06,2.7,64.7,15
4.3,-4.6,19083,-10.7,69.4,0.84,2.4,70.5,15
5.3,-3.1,21877,-10.1,68.4,0.86,2.8,72.4,15
1.6,-3.6,23810,-12.6,71.7,1.01,0.7,75,15
-2,-10.2,22084,-10.9,83.7,1.18,0,63.5,15
2.6,-9.8,21561,-10.6,94,1.04,2.5,70.3,13
-1,-4.4,22551,-7,108.3,0.97,3.7,75.9,6
21.5,5.9,32777,24.4,37.1,0.47,2.3,90.2,11
34.8,14.9,41700,23.8,26,0.49,6.8,90.4,11
40.3,8.4,50146,16.8,17.6,0.42,8.8,94.7,13
36.7,7.9,58428,15.5,12.1,0.55,11.8,98.6,14
30.9,9.8,65018,14.4,7.4,0.44,13.8,96.1,15
44.6,10.2,79606,23.1,9.5,0.61,15,89.4,15
-15.2,12.4,59669,6.5,32.5,1.04,-4.9,80.5,15
30.2,2.4,74901,18.7,38.7,0.94,-2.4,82.3,15
36.1,8.2,98032,30,37,0.83,1.9,93,15
29.9,-1.5,2735,-6,21.5,-0.27,14.1,77,5
25.3,-1.2,3495,-8.4,18.7,-0.17,9.2,80.7,5
16.8,-1.2,4584,-8.6,15.8,-0.27,8.8,76.3,7
19.3,-2.2,5684,-10.5,12.4,-0.19,5,76.6,8
20.7,-2.9,7918,-13.5,12.8,-0.28,6.7,72.5,8
23.7,-5.7,9498,-11.7,13.4,-0.27,6.4,73.9,8
-2.6,-9,7651,-4.2,23.6,-0.25,4.8,67.2,8
4.5,-6.8,7687,-4.4,30.5,-0.15,8,76.6,8
6.3,-5.6,8539,-4.6,34.7,-0.22,3.1,85.4,8
22.1,1.4,2976,8.2,30.4,-0.39,12,59.1,8
28.9,4.9,4108,10.1,22.3,-0.38,11.7,56.6,8
26.9,8.2,5337,11.1,14.2,-0.46,10.9,56.7,9
24.6,8.3,6947,9.6,9,-0.49,9,54.7,9
23.5,6.8,9146,6,8.5,-0.42,11.9,51.7,9
24.2,4.9,11700,6.2,7.9,-0.4,13.3,53.4,10
-6,-6.3,8616,4,11,-0.35,8.8,48.4,10
19.3,-3.4,10709,4.7,11,-0.4,8.8,50.4,10
20.5,1.5,13284,5.2,11.7,-0.4,6.1,52.2,10
13.8,4.5,9916,12.7,21.3,-0.31,0.6,70.2,9
20.6,11,11146,19.1,18.1,-0.37,0.3,75.1,9
26.8,17.7,13662,27.4,13,-0.39,0.7,82,11
14.7,19.9,15198,26.2,11.2,-0.18,2.2,89.9,12
10.4,11.3,16310,22.4,11.7,-0.08,4.2,94.9,13
25,29.8,19865,25.5,12.4,-0.04,9.9,96.1,13
-17.4,-5.4,16006,4.9,11.3,-0.17,5.1,84.9,13
22.8,4.4,19193,12.7,10.8,-0.08,5.3,82.8,14
27.1,11.6,23841,23.7,8.3,-0.43,5,85.8,14
6.4,-6.7,1131,-6.3,39.7,-0.44,2.7,66.9,4
3,-1.1,23320,22.9,37.8,1.96,0.7,387,17
13.9,-0.1,27046,17.1,37.2,2.03,1.3,412.9,17
9.6,0.7,29401,21.4,36.8,2,1.3,429.9,17
10.9,0,33117,24.8,36.1,2.18,0.8,436.6,17
15.7,2.8,38744,26.1,37.8,2.36,3.7,403.6,17
0.6,0.1,39385,15.1,40.8,2.41,5.5,444.1,17
1.9,-0.3,37860,17.7,44.1,2.27,-0.5,366.8,17
15,0.3,45639,26.8,41.2,2.24,4.6,377.7,17
5.8,1.2,51235,24.6,42.7,2.16,5.5,386.8,17
10.3,-2.8,8537,-4.3,42.4,0.68,9.4,153.6,11
11.2,-2.4,10432,-5.9,41.5,0.91,5.8,151.9,11
9.2,-2.8,11395,-6.6,34.2,0.94,3.9,157.2,12
11.5,-3.2,12810,-6.3,30.5,0.92,3.7,173,13
11.7,-1.8,15605,-4.7,29.6,0.75,2.5,174.8,13
8.8,-2.1,18181,-6,27.9,0.87,3.5,169.3,13
-6.1,-8,16146,-2.6,35.6,0.89,0,141.7,13
4.9,-7.7,16095,-3.7,41,0.86,1.3,161,13
4.9,-5.1,17816,-2.1,43.3,0.86,4.6,178.9,13
8.6,-2.7,14290,-0.8,27.2,1.07,4.7,107.8,14
7.8,-2.3,16904,-2.6,27.3,0.97,3.3,116.9,14
5.7,-1.5,17859,-1.7,26.7,0.92,2.4,124.8,14
8.1,-1.4,19423,-2.5,26.4,0.98,3,133.6,15
11.4,0,23566,-4.8,23.1,0.94,5.7,140.7,15
7.7,-1.9,27141,-6.2,22,1.19,1.8,138.3,15
-4.5,-6.2,24476,-0.7,35,1.16,2.1,115.3,15
0.1,-5.9,23273,-0.6,38.6,1.03,2.2,131,15
1.6,-6.4,24737,0,46.9,0.99,2.1,143.7,13
8.7,-2.6,3648,-1,39.3,0.68,-1.6,53.4,9
11.2,-2,4695,-3,36.7,0.66,2.2,53.1,9
11,0.3,5234,-3.5,34.7,0.64,2,55.2,10
12.5,1,5468,-5.3,32.5,0.52,4.8,62.5,10
14.1,1.5,5930,-7,26.9,0.51,7.6,65.7,10
11.9,-0.6,5598,-7.2,24.6,0.53,9.3,74.8,10
6.6,-4.8,5758,-4,27.1,0.46,6,55.5,11
10.5,-4.1,7266,-2.8,34.5,0.38,3.4,54.9,11
9.7,-4.2,7943,-3.4,38.6,0.37,6.4,59.2,11
7.4,-0.3,21083,-3.5,48.8,1.9,2.6,55,17
7.4,-0.1,24501,-5.2,46.3,1.37,3.2,55.9,17
8.1,1.3,26081,-7.4,43.2,1.49,3.7,56.6,17
8.4,2.4,28051,-9,39.7,0.87,2.7,58.9,17
6.9,1.9,32164,-10,36.3,0.97,4.2,60.5,17
3.3,-4.5,35115,-9.6,40.2,0.89,1.4,58.8,17
-3.7,-11.2,31807,-4.8,53.9,0.93,0.8,49.7,17
0.1,-9.7,30207,-4.5,61.5,0.98,3,56.6,16
1.4,-9.4,32050,-3.7,69.3,1.02,2.4,61.3,13
15.9,-8,2376,-2.2,81.9,-0.17,6.8,53.1,4
16.8,-6.9,2812,-7.8,78.4,-0.08,4.9,60.7,4
12.1,-2.5,6278,-28,41.5,0.66,8.3,89.7,4
2.1,-0.6,6404,-32.9,42.5,0.69,8.7,91.7,4
-3.8,-1.7,6153,-29.4,49,0.78,-1.6,86.3,4
0.4,-2.9,6172,-31.6,55.9,0.72,2,84.9,4
2,-2.6,6291,-30.2,58.5,0.77,4.7,83.2,4
21.6,-2,3791,-7.4,31.4,-0.09,9.1,102.9,4
19.6,-0.9,4480,-6.4,28.9,-0.09,15.4,132.7,4
18,1.5,5209,4.2,23.9,-0.23,4.7,102.5,4
11.9,4.3,5746,6.3,17.4,-0.23,8.8,105.8,4
20.3,1.5,6847,10,15.6,-0.04,9.3,105.9,4
10.2,0.8,7473,5.4,15.5,-0.05,1.3,84.1,4
11.8,-2.9,8278,15,18.5,-0.09,10.3,91.5,4
9.2,-0.1,7535,6.3,22,-0.11,15.3,124.2,4
4.1,-1.3,35131,6.9,51.7,2.09,1.3,80.2,17
4.6,0.4,40261,6.6,50.3,2.14,0.3,83.7,17
4.1,1.9,41041,6.8,50.4,1.89,0.9,89,17
6.3,2.2,43948,8.4,45.3,1.83,1.6,94.1,17
6.2,3.6,50558,9.1,40.2,1.99,3.4,96.3,17
2.5,2.2,52731,9.1,38.8,1.91,0.9,100.3,17
-3.1,-1,43640,6.7,42.6,2.04,0.6,89.4,17
7.5,0,49377,6.8,39.4,2,2.3,92.8,17
4.9,0,57040,7.1,38.4,1.96,2.3,93.7,17
0.8,-1.4,45592,12.9,65.8,1.81,0.6,79.4,17
3.3,-1.3,50642,13,70,2.22,1.3,83.3,17
3,-0.6,51733,13.6,70.1,1.89,1,88.5,17
6,0.9,54142,14.4,62.4,2.03,0.6,93.6,17
6.4,1.3,59662,8.6,55.6,2.03,2,98.8,17
5,1.8,68555,2.1,50.5,2.02,0.7,97.4,17
-2.4,0.5,65792,10.5,49.8,1.99,0.3,89.7,17
3.6,0.2,70376,14.3,48.8,1.91,0.5,92.2,17
2.2,0.3,83514,8.4,49,1.89,-0.7,91.6,17
8.6,0.4,2182,3.4,27.6,0.38,1.7,124.6,10
9.7,0.1,2442,1.7,27.9,0.36,3,136.5,10
9.3,-0.6,2644,-3.7,26.2,0.43,5.8,148.3,10
10.6,1.1,3078,1.8,24.9,0.39,3.6,143.8,10
8.7,-1.7,3643,7,24.1,0.36,3.1,138.5,10
6.5,-1.1,3993,1.5,23.5,0.25,0.4,150.3,10
-0.4,-4.4,3838,9.1,28.6,0.17,3.5,126.2,10
11.8,-2.6,4614,4.5,29.7,0.08,3.1,135.1,10
4.3,-1.3,4972,1.7,29.3,0.1,3.5,149.4,10
25.6,1.1,8601,8.8,50.2,0.48,3,90.1,8
18.3,0.3,10133,13.5,44.1,0.37,5.6,93.9,8
20,2.5,12115,24.4,35.7,0.19,7.2,105.1,9
15.5,1.6,13912,38.8,31.7,0.15,9.1,107,10
18.1,0.2,16326,23.9,28.4,0.22,7.6,96.2,10
28,1.8,20939,30.5,23.4,0.18,14.5,100.7,10
-29.1,-5,14713,8.3,38.4,0.3,1.3,84.2,10
6.9,-2.2,15546,20,38.9,0.25,13.4,85.8,10
8.2,-2.7,17452,11.2,36,0.31,5.3,104,10
7.5,-5.4,2790,-2.7,55.6,0.55,4.4,82.4,9
9.8,-5.2,3140,-1.4,54.3,0.48,1.2,86.9,9
7.8,-5.4,3218,-0.9,52.9,0.42,3.9,90.3,9
9.3,-5,3394,-1.8,49,0.58,3.3,93.9,9
8.8,-5.1,3798,-2.4,46.3,0.48,5.1,104.3,9
10.8,-3.1,4331,-3.8,43.8,0.34,4.1,114.7,9
6.4,-3,4162,-2.8,43.3,0.35,4.1,93.2,9
7.9,-1.1,4194,-4.8,40.8,0.19,4,102.8,9
2,-3.9,4297,-7.4,44.8,0.02,4.9,103.5,8
29.8,-8,4568,-2.5,67.7,0.04,18.4,47,4
22.9,-4.4,5833,-3.7,59.6,0.04,9.4,49.7,4
16.1,-0.7,7088,-4.6,52.7,0.16,7.7,47.2,5
16.9,-0.2,7687,-6.1,46.5,0.16,9.7,50.3,5
11.2,-1.6,9246,-5.9,39.9,0.29,8.4,49.8,5
12.7,-2.5,10297,-5.7,40,0.26,10.1,52.2,5
0.2,-5.9,8554,-2.2,46.1,0.34,6.5,47.7,5
15.4,-3.4,10050,-6.4,42.4,0.35,6.4,48,6
18.1,-0.7,10521,-10,39.3,0.41,10.4,56.6,6
18.4,-0.9,1049,5.8,29.4,-0.58,8.2,112.9,4
29.1,-4.4,1367,10.6,24.7,-0.54,12.3,119.6,4
27.9,-2.3,1829,2.9,17.7,-0.58,10.3,102.1,4
23.3,-1.4,2303,-1.5,14.8,-0.57,11.6,96.1,4
32.5,-2,3069,-3.7,12.3,-0.68,16.6,95.4,4
31.5,-3.2,3891,-7.1,20.5,-0.72,22.3,101.8,4
-3.7,-6.3,2545,-1.5,35.4,-0.82,12.3,94.4,3
18.5,-5.8,2974,-2.2,40.5,-0.78,9.1,104.4,3
20.3,-2.8,3576,-5.5,36.8,-0.83,4.6,115,3
13.2,1.9,35017,5.8,18.7,0.56,3.1,102.3,12
18.9,5.9,39305,7.2,18.1,0.76,5,116.6,13
22.2,15.1,43989,13.5,18.5,0.75,6.2,119.6,13
22.9,18.9,52486,16.2,17.6,0.91,9.3,119.6,14
16.2,16,57468,7.6,17.5,0.93,11.1,136.8,15
21.9,16.8,65992,7.1,16.6,0.89,12.3,149,15
-17.4,-12.8,51270,2.9,24.8,0.89,1.6,149.8,15
9.3,-2.2,54411,2.4,24.7,0.78,0.9,152.1,15
20.4,3.1,63626,8.5,22.9,0.95,0.9,159.7,15
6.4,-3.4,31154,-1.7,39.1,1.83,1.2,54,17
5.6,-3.5,36695,-2.1,41,1.9,1.6,53.8,17
5.2,-3.4,38122,-2,42.2,1.75,1.9,56.7,17
5.6,-2.7,40481,-2.9,43.3,1.72,3,60.9,17
5.9,-2.8,46330,-2.2,44.2,1.66,2.1,56.5,17
2,-5,43147,-1,52.7,1.64,3.1,61.9,17
-2.7,-11.4,35331,-1.2,67.8,1.5,2.8,59.1,17
4.6,-10.2,36396,-2.5,79.4,1.56,3.7,63.2,17
3.4,-7.8,38707,-1.3,85.5,1.55,4.2,66.6,17
4.7,-5,38407,-4.7,49.7,1.61,1.9,23.2,17
6.4,-5.2,40482,-5.3,57.4,1.8,3.3,25.1,17
6.5,-4.1,42715,-5.9,57.5,1.57,3.4,26.4,17
6,-2.8,44833,-6,56.6,1.56,2.5,27.7,17
4.9,-2.5,46571,-5.1,56.5,1.59,4.1,28.8,17
1.9,-3.8,46997,-4.7,60.3,1.54,0.1,30.8,17
-2.2,-10.9,45551,-2.7,75,1.4,2.7,25.5,17
3.8,-9.8,46869,-3,83.7,1.44,1.5,29,17
4,-8.9,48383,-3.1,87.8,1.41,3,31.6,17
17.5,-4.3,3646,-0.7,93,0.5,10.2,51.8,2
15.6,-2.4,4145,0,74.9,0.35,7.6,61.5,2
8.2,-1.6,5252,0.2,67.4,0.51,4.9,58.9,2
10.9,-1,5907,-2,61.6,0.39,6.4,62,4
16.6,-1.6,7043,-0.9,52.5,0.5,8.5,59.2,4
15.8,-1.1,9108,-5.7,51.8,0.5,9.2,65.2,4
7.2,-1.5,9037,-1.3,47,0.61,5.9,55.7,5
14.2,-1.2,11573,-1.9,41.4,0.65,6.9,53.6,7
15.1,-0.6,13785,-2.9,40.9,0.58,8.6,54.8,7
24.5,0.4,3246,14.1,46.9,-0.95,27,50.6,1
58.4,2.5,4292,13.8,38.6,-1.02,19,55.4,3
43,4.4,5457,17.5,33.1,-0.9,14.2,60.1,3
29.5,-1.2,6763,14.4,24.1,-1,16.8,58.7,3
25.6,-2.1,8349,6.9,19.1,-1.01,22.4,56.2,3
37,-1.6,11249,10.2,14,-1.06,30.9,51.8,3
4.4,-7.5,11550,0.7,18.2,-0.89,25.1,38.5,3
43.8,-3.6,13587,2.2,18.3,-1.02,27.2,46.1,3
33.5,-4,10752,7.7,25.1,-1.1,27.5,49.6,3
17.3,-4.2,642,-1.1,35.8,-0.2,8.7,143.6,5
16.1,-0.6,731,-0.3,35.2,-0.17,6.6,152.1,5
17.4,-1,843,-9.8,35.9,-0.19,12.6,169.5,5
29.8,-1.9,1070,-11.9,34.5,-0.17,20,168.1,5
11.7,-4.8,1130,-6.8,42.8,-0.29,6.5,139.7,5
19.4,-3.4,1224,-4,44.9,-0.31,11.8,156.9,4
28.1,-4.2,1408,0.2,43.3,-0.28,18.1,173.8,4
